GEOID,hispanic,total,h_share
0200A,2338,36485,0.064081
0200B,2507,35577,0.070467
0200C,2130,36581,0.058227
0200D,1728,37654,0.045892
0200E,3098,34231,0.090503
0200F,3409,36723,0.09283
0200G,3684,36040,0.10222
0200H,2716,37568,0.072296
0200I,2902,33026,0.08787
0200J,4954,38828,0.127588
0200K,3182,31448,0.101183
0200L,4221,43112,0.097908
0200M,2024,33715,0.060033
0200N,2262,35398,0.063902
0200O,2162,46317,0.046678
0200P,3674,36432,0.100845
0200Q,2777,32914,0.084371
0200R,2335,41123,0.056781
0200S,1856,34581,0.053671
0200T,881,36340,0.024243
01001,5712,147979,0.0386
01002,8243,136863,0.060228
01003,12260,153038,0.080111
01004,5614,141142,0.039776
01005,2727,135323,0.020152
01006,11679,158192,0.073828
01007,7057,149887,0.047082
01008,10723,152923,0.07012
01009,18903,147094,0.12851
01010,8637,146955,0.058773
01011,3894,146455,0.026588
01012,5356,149793,0.035756
01013,5308,153103,0.034669
01014,11186,141346,0.079139
01015,4841,134932,0.035877
01016,6958,144455,0.048167
01017,6823,138192,0.049373
01018,6505,140392,0.046335
01019,5246,139710,0.037549
01020,7258,136673,0.053105
01021,7241,145112,0.049899
01022,4909,140005,0.035063
01023,1334,140830,0.009472
01024,3275,145379,0.022527
01025,3452,146875,0.023503
01026,6566,142965,0.045927
01027,4597,144621,0.031787
01028,6940,146421,0.047398
01029,6904,142273,0.048526
01030,5329,142419,0.037418
01031,6863,137263,0.049999
01032,7434,154026,0.048265
01033,3272,133652,0.024481
01034,4216,137316,0.030703
01035,5145,134488,0.038256
05001,5129,84182,0.060928
05002,2885,84831,0.034009
05003,5045,84727,0.059544
05004,9270,85846,0.107984
05005,6617,84605,0.078211
05006,5236,88706,0.059026
05007,4758,89950,0.052896
05008,2699,90268,0.0299
05009,2856,84159,0.033936
05010,2132,88149,0.024186
05011,4624,88561,0.052213
05012,5235,79371,0.065956
05013,3013,87101,0.034592
05014,2799,90554,0.03091
05015,12222,88128,0.138685
05016,4241,80984,0.052368
05017,3964,92706,0.042759
05018,4027,85566,0.047063
05019,3551,88914,0.039937
05020,5255,84952,0.061858
05021,2142,85832,0.024956
05022,3675,87069,0.042208
05023,2129,88228,0.024131
05024,3011,88196,0.03414
05025,8827,88371,0.099886
05026,6536,85819,0.07616
05027,17137,86047,0.199159
05028,6649,82636,0.080461
05029,6418,85807,0.074796
05030,7080,89736,0.078898
05031,30425,81708,0.372363
05032,24282,81187,0.299087
05033,12736,85461,0.149027
05034,6838,87102,0.078506
05035,9878,83210,0.118712
04001,36358,239795,0.151621
04002,55184,231679,0.238192
04003,17736,228906,0.077482
04004,26282,234275,0.112184
04005,97762,257033,0.380348
04006,21438,218427,0.098147
04007,51072,252346,0.202389
04008,65597,253348,0.258921
04009,86530,237386,0.364512
04010,41870,223374,0.187443
04011,135489,233932,0.579181
04012,43337,230509,0.188006
04013,50090,243522,0.20569
04014,40043,236787,0.16911
04015,49770,241763,0.205863
04016,97227,253204,0.383987
04017,49947,239269,0.208748
04018,56148,232493,0.241504
04019,72348,224130,0.322795
04020,136230,242836,0.560996
04021,147382,247022,0.596635
04022,162792,248482,0.655146
04023,148756,232894,0.638728
04024,165166,253253,0.652178
04025,103559,263525,0.392976
04026,145713,228314,0.638213
04027,63683,245862,0.259019
04028,19446,210128,0.092544
04029,68078,249875,0.272448
04030,42480,237913,0.178553
06001,190344,943143,0.201819
06002,218075,997562,0.218608
06003,306653,1025456,0.299041
06004,359731,1042955,0.344915
06005,367892,1021076,0.360298
06006,171147,972582,0.175972
06007,243423,948050,0.256762
06008,254770,936879,0.271935
06009,240459,994915,0.241688
06010,206298,1027071,0.200861
06011,162829,1002984,0.162345
06012,330629,944087,0.35021
06013,188199,991877,0.18974
06014,660615,996694,0.662806
06015,352649,1017457,0.346598
06016,693597,962203,0.720843
06017,440804,995699,0.442708
06018,666014,972728,0.684687
06019,366670,952224,0.385067
06020,567987,933930,0.608169
06021,522718,1034448,0.505311
06022,642396,1004150,0.639741
06023,506956,1026061,0.49408
06024,162026,1007770,0.160777
06025,273938,1024977,0.267263
06026,571568,957770,0.59677
06027,232359,978780,0.237397
06028,466221,972708,0.479302
06029,606394,942410,0.64345
06030,599234,978174,0.612605
06031,593757,937107,0.633606
06032,328686,960996,0.342026
06033,670619,1025228,0.654117
06034,605952,937699,0.646212
06035,570381,944774,0.603722
06036,229883,988912,0.232461
06037,234310,1014639,0.230929
06038,236037,955260,0.247092
06039,321182,1043311,0.307849
06040,254520,941266,0.270402
08001,48450,176487,0.274524
08002,16641,164698,0.101039
08003,73357,168135,0.436298
08004,17730,175799,0.100854
08005,27993,145818,0.191972
08006,37052,164684,0.224988
08007,23984,161767,0.148263
08008,34881,176346,0.197799
08009,15557,160901,0.096687
08010,28653,167060,0.171513
08011,48580,169338,0.286882
08012,32959,167668,0.196573
08013,66417,149728,0.443584
08014,19377,154137,0.125713
08015,17612,162494,0.108386
08016,16785,166345,0.100905
08017,30954,164071,0.188662
08018,15532,160550,0.096742
08019,25722,161788,0.158986
08020,20981,165970,0.126414
08021,83919,170377,0.492549
08022,37584,163839,0.229396
08023,27558,168897,0.163165
08024,66416,168436,0.39431
08025,33831,163860,0.206463
08026,27179,164021,0.165704
08027,21712,166931,0.130066
08028,63371,161900,0.391421
08029,44937,164858,0.27258
08030,15161,169527,0.089431
08031,19325,151345,0.127688
08032,48423,159601,0.3034
08033,60794,172387,0.35266
08034,67453,166814,0.404361
08035,36882,174213,0.211706
09001,46101,94828,0.486154
09002,17691,99945,0.177007
09003,22962,102233,0.224605
09004,13332,102626,0.129909
09005,10982,97195,0.112989
09006,34056,97434,0.349529
09007,8335,95257,0.0875
09008,8867,98285,0.090217
09009,8987,95787,0.093823
09010,24848,87730,0.283233
09011,26428,100885,0.261962
09012,3164,71535,0.04423
09013,25985,107074,0.242683
09014,8891,69026,0.128807
09015,33090,104975,0.315218
09016,13935,102037,0.136568
09017,18843,96793,0.194673
09018,7392,99308,0.074435
09019,9626,98388,0.097837
09020,11278,96191,0.117246
09021,12077,104970,0.115052
09022,16602,99600,0.166687
09023,33605,72689,0.462312
09024,28145,98420,0.285968
09025,28686,102473,0.279937
09026,10741,98592,0.108944
09027,33657,106568,0.315827
09028,6862,104618,0.065591
09029,15883,107335,0.147976
09030,10315,105873,0.097428
09031,16459,101403,0.162313
09032,9065,99056,0.091514
09033,4903,96129,0.051004
09034,10066,86824,0.115936
09035,8503,97427,0.087276
09036,12135,102105,0.118848
09ZZZ,14911,109703,0.135922
10001,2042,46238,0.044163
10002,6124,43664,0.140253
10003,7821,42029,0.186086
10004,1914,43233,0.044272
10005,2018,45773,0.044087
10006,1674,50995,0.032827
10007,7659,44650,0.171534
10008,4115,45308,0.090823
10009,7211,47080,0.153165
10010,2702,46866,0.057654
10011,7698,49754,0.154721
10012,2814,52773,0.053323
10013,8222,45551,0.180501
10014,3057,37852,0.080762
10015,4144,65394,0.06337
10016,4633,49506,0.093585
10017,3228,42662,0.075665
10018,7040,49687,0.141687
10019,7236,47579,0.152084
10020,1744,41992,0.041532
10021,5600,55049,0.101728
12001,33482,536224,0.06244
12002,42213,548706,0.076932
12003,39071,543724,0.071858
12004,56650,560533,0.101065
12005,57729,526713,0.109602
12006,50144,537884,0.093225
12007,50712,549902,0.09222
12008,84273,543978,0.15492
12009,73706,542199,0.135939
12010,117916,535170,0.220334
12011,54900,540871,0.101503
12012,146357,532109,0.275051
12013,95613,530462,0.180245
12014,189640,547000,0.346691
12015,147345,555624,0.265188
12016,124372,520733,0.23884
12017,213973,535462,0.399604
12018,58838,539494,0.109061
12019,64919,545204,0.119073
12020,107801,552658,0.195059
12021,67328,533145,0.126285
12022,60845,540278,0.112618
12023,135296,551597,0.245281
12024,184574,543035,0.339893
12025,291259,522580,0.557348
12026,95108,548320,0.173453
12027,115444,566501,0.203784
12028,172343,549858,0.313432
12029,97847,540495,0.181032
12030,129790,538018,0.241237
12031,96977,541224,0.179181
12032,129110,542870,0.237829
12033,106628,530472,0.201006
12034,198942,542350,0.366815
12035,239163,542333,0.440989
12036,429503,534938,0.802902
12037,177488,534271,0.332206
12038,346518,533042,0.650076
12039,475723,532528,0.89333
12040,378265,539643,0.700954
13001,17484,202036,0.086539
13002,13623,187702,0.072578
13003,12176,190250,0.064
13004,10743,183921,0.058411
13005,77846,191948,0.405558
13006,12728,190962,0.066652
13007,33404,184622,0.180932
13008,12715,179051,0.071013
13009,41847,195761,0.213766
13010,10548,191956,0.05495
13011,19773,204100,0.096879
13012,7869,189077,0.041618
13013,11048,175795,0.062846
13014,24825,198212,0.125245
13015,14295,182264,0.07843
13016,10942,194449,0.056272
13017,16998,191555,0.088737
13018,9854,195277,0.050462
13019,23171,207736,0.111541
13020,9274,190962,0.048565
13021,18916,196055,0.096483
13022,10728,191643,0.055979
13023,10271,192229,0.053431
13024,11058,193227,0.057228
13025,7607,190083,0.040019
13026,7353,188512,0.039005
13027,22351,203886,0.109625
13028,28313,195446,0.144864
13029,10101,194594,0.051908
13030,12712,191908,0.06624
13031,18205,194070,0.093806
13032,20922,188929,0.11074
13033,41814,205843,0.203135
13034,25607,189590,0.135065
13035,15843,192151,0.082451
13036,14932,188793,0.079092
13037,19037,193748,0.098256
13038,11471,186683,0.061446
13039,9458,192663,0.049091
13040,37309,188938,0.197467
13041,14326,193119,0.074182
13042,12919,198571,0.06506
13043,17735,182884,0.096974
13044,15179,184441,0.082297
13045,31463,191917,0.163941
13046,14577,191900,0.075961
13047,20391,189169,0.107793
13048,11654,176045,0.066199
13049,49442,181688,0.272126
13050,25810,199731,0.129224
13051,10454,191329,0.054639
13052,18171,184714,0.098374
13053,9301,197090,0.047192
13054,53032,191733,0.276593
13055,14642,201997,0.072486
13056,14190,179370,0.07911
15001,7071,54267,0.1303
15002,8091,46532,0.17388
15003,7104,55041,0.129067
15004,5277,46323,0.113917
15005,4949,50526,0.09795
15006,8504,61191,0.138975
15007,6133,53098,0.115503
15008,8501,73511,0.115643
15009,2285,51672,0.044221
15010,3746,54423,0.068831
15011,3789,58991,0.06423
15012,3725,51290,0.072626
15013,4039,50571,0.079868
15014,3972,59675,0.066561
15015,10721,87765,0.122156
15016,3383,52219,0.064785
15017,6310,56776,0.111139
15018,5232,52178,0.100272
15019,4882,57526,0.084866
15020,9696,63862,0.151827
15021,8447,61793,0.136698
15022,8125,52379,0.155119
15023,11016,78202,0.140866
15024,9317,65116,0.143083
15025,4708,55662,0.084582
19001,15985,64746,0.246888
19002,5493,63225,0.08688
19003,7950,63698,0.124808
19004,3089,63718,0.048479
19005,2879,63605,0.045264
19006,6291,63472,0.099115
19007,3896,62781,0.062057
19008,1871,64413,0.029047
19009,2164,63542,0.034056
19010,7073,63060,0.112163
19011,1970,64186,0.030692
19012,3001,63663,0.047139
19013,4524,63565,0.071171
19014,3040,64601,0.047058
19015,11509,63500,0.181244
19016,4594,64225,0.07153
19017,10727,60531,0.177215
19018,4723,64420,0.073316
19019,1557,63513,0.024515
19020,5567,67718,0.082209
19021,2198,66771,0.032918
19022,3075,62986,0.04882
19023,2116,61732,0.034277
19024,4273,68654,0.06224
19025,2358,58760,0.040129
19026,10649,64201,0.16587
19027,3524,63287,0.055683
19028,5331,63821,0.08353
19029,1640,63918,0.025658
19030,2801,63961,0.043792
19031,4742,64644,0.073356
19032,2094,63800,0.032821
19033,1500,58214,0.025767
19034,1476,63804,0.023133
19035,2044,63000,0.032444
19036,1777,69625,0.025522
19037,2036,62672,0.032487
19038,1475,63107,0.023373
19039,3413,59837,0.057038
19040,2255,64712,0.034847
19041,4815,63239,0.07614
19042,957,66661,0.014356
19043,3153,63846,0.049384
19044,2209,63288,0.034904
19045,4362,65175,0.066928
19046,3765,63448,0.05934
19047,3170,64496,0.04915
19048,8317,63776,0.13041
19049,6763,63353,0.106751
19050,2446,63866,0.038299
16001,2331,53680,0.043424
16002,2560,54052,0.047362
16003,2645,58140,0.045494
16004,3018,53404,0.056513
16005,2291,46371,0.049406
16006,2415,53523,0.045121
16007,2335,53430,0.043702
16008,5931,52735,0.112468
16009,13419,60317,0.222475
16010,7599,56064,0.135542
16011,16818,41176,0.408442
16012,16497,58279,0.283069
16013,11211,56096,0.199854
16014,5119,60434,0.084704
16015,5409,49768,0.108684
16016,5694,51836,0.109846
16017,5628,52255,0.107703
16018,4319,51826,0.083337
16019,2717,50645,0.053648
16020,3353,49814,0.06731
16021,5683,54450,0.104371
16022,4014,51858,0.077404
16023,8428,55158,0.152797
16024,12207,53790,0.226938
16025,8356,53455,0.156318
16026,16613,53925,0.308076
16027,14892,51057,0.291674
16028,7230,59303,0.121916
16029,4588,48026,0.095532
16030,8929,50858,0.175567
16031,5645,53701,0.105119
16032,6311,45578,0.138466
16033,8550,51802,0.165052
16034,4382,52487,0.083487
16035,5099,54816,0.09302
17001,151081,205755,0.734276
17002,116072,220082,0.527403
17003,35437,196113,0.180697
17004,43020,210312,0.204553
17005,23275,208254,0.111763
17006,18434,214526,0.085929
17007,37842,221743,0.170657
17008,34031,218684,0.155617
17009,19078,210551,0.09061
17010,56723,216717,0.261738
17011,133000,219722,0.60531
17012,143978,215879,0.666938
17013,30178,221362,0.136329
17014,27644,225138,0.122787
17015,27074,216554,0.125022
17016,50754,217610,0.233234
17017,34654,212862,0.1628
17018,29780,214848,0.13861
17019,14844,211157,0.070298
17020,100791,211657,0.4762
17021,19146,220112,0.086983
17022,88963,209832,0.423973
17023,40618,217536,0.186719
17024,25928,212091,0.122249
17025,90006,222372,0.404754
17026,20943,217704,0.096199
17027,38602,211836,0.182226
17028,36333,224958,0.16151
17029,28276,218279,0.129541
17030,73766,211580,0.348644
17031,59624,220674,0.27019
17032,28751,213721,0.134526
17033,38316,224945,0.170335
17034,41027,211355,0.194114
17035,28955,218024,0.132806
17036,24978,215991,0.115644
17037,20717,226999,0.091265
17038,26318,202351,0.130061
17039,80153,220929,0.3628
17040,29518,221128,0.133488
17041,17826,211304,0.084362
17042,46703,208665,0.223818
17043,69867,225751,0.309487
17044,6261,213499,0.029326
17045,14260,222618,0.064056
17046,13688,228316,0.059952
17047,6459,216016,0.029901
17048,6390,217192,0.029421
17049,44059,216593,0.203418
17050,6871,216186,0.031783
17051,6809,219203,0.031063
17052,15156,217790,0.06959
17053,12585,206785,0.06086
17054,3494,217525,0.016063
17055,5261,219572,0.02396
17056,10499,217368,0.048301
17057,8665,215051,0.040293
17058,5799,215993,0.026848
17059,6406,217901,0.029399
17ZZZ,18,2363,0.007617
18001,21421,136153,0.15733
18002,51688,133806,0.386291
18003,19113,135065,0.14151
18004,14995,135554,0.11062
18005,10484,133990,0.078245
18006,11185,136971,0.08166
18007,9709,138423,0.07014
18008,9697,134792,0.07194
18009,10151,132552,0.076581
18010,19514,133940,0.145692
18011,9435,133036,0.070921
18012,28806,135668,0.212327
18013,8796,134486,0.065405
18014,12902,134836,0.095687
18015,6429,138214,0.046515
18016,7550,138145,0.054653
18017,5021,134291,0.037389
18018,10548,132371,0.079685
18019,8984,136167,0.065978
18020,5640,135402,0.041654
18021,8246,140392,0.058736
18022,12948,134919,0.095969
18023,5847,134388,0.043508
18024,6157,135670,0.045382
18025,6404,136034,0.047076
18026,3993,136742,0.029201
18027,3541,134310,0.026364
18028,7163,137782,0.051988
18029,10076,134293,0.07503
18030,10783,132842,0.081172
18031,4531,136910,0.033095
18032,8864,136800,0.064795
18033,19584,139340,0.140548
18034,17867,137589,0.129858
18035,16787,136572,0.122917
18036,10127,140526,0.072065
18037,2152,134504,0.016
18038,3565,138473,0.025745
18039,4008,134978,0.029694
18040,5192,133887,0.038779
18041,8089,138154,0.058551
18042,2832,137304,0.020626
18043,2653,133463,0.019878
18044,5374,132784,0.040472
18045,7429,137483,0.054036
18046,17950,134615,0.133343
18047,3929,132009,0.029763
18048,5719,138449,0.041308
18049,3442,135098,0.025478
18050,3664,134093,0.027324
20001,2689,72659,0.037008
20002,5990,74654,0.080237
20003,3896,72064,0.054063
20004,23412,72435,0.323214
20005,5234,77164,0.06783
20006,25515,70439,0.362228
20007,5495,74131,0.074126
20008,5304,75843,0.069934
20009,7743,76821,0.100793
20010,4876,76355,0.06386
20011,2319,74353,0.031189
20012,2643,73260,0.036077
20013,3581,72797,0.049192
20014,3496,75271,0.046446
20015,4612,73212,0.062995
20016,4847,73452,0.065989
20017,13620,73814,0.184518
20018,3541,72597,0.048776
20019,14684,70950,0.206963
20020,6362,74782,0.085074
20021,9330,73584,0.126794
20022,6141,72105,0.085167
20023,8901,72052,0.123536
20024,7503,72652,0.103273
20025,18775,74500,0.252013
20026,5536,70705,0.078297
20027,7511,71210,0.105477
20028,14074,74339,0.189322
20029,18757,71820,0.261167
20030,7264,73358,0.099021
20031,10470,76970,0.136027
20032,6279,75810,0.082825
20033,8585,73544,0.116733
20034,6806,73331,0.092812
20035,3163,72480,0.04364
20036,2383,71330,0.033408
20037,6329,71397,0.088645
20038,36724,73374,0.500504
20039,30893,72096,0.428498
20040,4687,72212,0.064906
21001,4705,117544,0.040028
21002,2929,120783,0.02425
21003,6933,116136,0.059697
21004,3347,115766,0.028912
21005,3280,113104,0.029
21006,4796,117059,0.040971
21007,6639,111327,0.059635
21008,3897,121147,0.032168
21009,6105,122499,0.049837
21010,6697,113493,0.059008
21011,5026,112582,0.044643
21012,5173,122369,0.042274
21013,10714,123528,0.086733
21014,2740,112882,0.024273
21015,3588,118101,0.030381
21016,4257,122122,0.034859
21017,4595,126660,0.036278
21018,1652,123829,0.013341
21019,5718,111899,0.0511
21020,4585,115011,0.039866
21021,2109,118875,0.017741
21022,6256,124195,0.050372
21023,5237,124166,0.042177
21024,2802,120805,0.023194
21025,1678,121125,0.013853
21026,5430,113291,0.04793
21027,4641,122836,0.037782
21028,6249,122844,0.050869
21029,828,122389,0.006765
21030,1393,119423,0.011664
21031,1228,115731,0.010611
21032,3868,124632,0.031035
21033,3561,115355,0.03087
21034,4105,124950,0.032853
21035,16059,109789,0.146271
21036,3087,113808,0.027125
21037,9263,115280,0.080352
21038,5311,115600,0.045943
22001,9694,118290,0.081951
22002,4859,111770,0.043473
22003,6839,119827,0.057074
22004,6614,114335,0.057848
22005,8237,125640,0.06556
22006,5380,115478,0.046589
22007,14956,123541,0.121061
22008,14150,118917,0.118991
22009,15089,120789,0.12492
22010,19088,123273,0.154843
22011,6659,114105,0.058359
22012,3678,111815,0.032894
22013,4997,117571,0.042502
22014,5077,117532,0.043197
22015,5387,112439,0.04791
22016,5650,123982,0.045571
22017,3711,116014,0.031988
22018,6950,120470,0.057691
22019,12623,123641,0.102094
22020,6366,122560,0.051942
22021,7192,117124,0.061405
22022,4349,122961,0.035369
22023,7660,126740,0.060439
22024,3154,124387,0.025356
22025,4737,117413,0.040345
22026,4669,125081,0.037328
22027,4025,116280,0.034615
22028,4928,113072,0.043583
22029,3143,120544,0.026073
22030,7795,113812,0.06849
22031,4192,118706,0.035314
22032,2802,115645,0.024229
22033,3470,117924,0.029426
22034,2177,111575,0.019512
22035,3764,116960,0.032182
22036,6150,124374,0.049448
22037,5841,116344,0.050205
22038,4913,125350,0.039194
22039,4597,123370,0.037262
25D01,8194,167161,0.049019
25D02,30511,164582,0.185385
25D03,81656,169920,0.480556
25D04,14759,165665,0.089089
25D05,9647,160609,0.060065
25D06,9666,167634,0.057661
25D07,15574,181750,0.085689
25D08,20010,171997,0.116339
25D09,34360,159653,0.215217
25D10,24584,175845,0.139805
25D11,24346,174383,0.139612
25D12,13217,176941,0.074697
25D13,17131,173842,0.098544
25D14,9659,177174,0.054517
25D15,14724,167911,0.087689
25D16,8592,178412,0.048158
25D17,8923,181013,0.049295
25D18,19820,182339,0.108699
25D19,95200,157283,0.605278
25D20,16692,189441,0.088112
25D21,5680,179164,0.031703
25D22,18753,168994,0.110968
25D23,10752,182067,0.059055
25D24,48321,181030,0.266923
25D25,56375,173196,0.325498
25D26,50015,182161,0.274565
25D27,15914,180542,0.088146
25D28,16420,176892,0.092825
25D29,48395,185837,0.260416
25D30,26206,185259,0.141456
25D31,4876,172418,0.02828
25D32,7805,171169,0.045598
25D33,7442,168429,0.044185
25D34,16248,171676,0.094643
25D35,8885,181384,0.048984
25D36,7910,181906,0.043484
25D37,12829,168114,0.076311
25D38,25402,165956,0.153065
25D39,4671,185295,0.025208
25D40,8875,175332,0.050618
24001,3116,133177,0.023397
24002,9022,132725,0.067975
24003,18801,119158,0.157782
24004,10502,140431,0.074784
24005,5791,138749,0.041737
24006,11496,128727,0.089305
24007,5468,128329,0.042609
24008,6560,118462,0.055376
24009,7104,122683,0.057905
24010,9105,142643,0.063831
24011,5673,125830,0.045085
24012,12866,131313,0.09798
24013,13162,134783,0.097653
24014,17408,136279,0.127738
24015,14995,129679,0.115632
24016,10727,128790,0.083291
24017,29241,134153,0.217968
24018,35831,127641,0.280717
24019,35054,132841,0.263879
24020,27738,128872,0.215237
24021,28812,129244,0.222927
24022,40456,135394,0.298802
24023,10470,133646,0.078341
24024,15205,137596,0.110505
24025,10300,129300,0.07966
24026,19774,132568,0.149161
24027,7177,134333,0.053427
24028,9480,140991,0.067238
24029,7622,136084,0.05601
24030,13107,129008,0.101598
24031,7099,128742,0.055141
24032,13310,135359,0.098331
24033,10334,134938,0.076583
24034,8788,135476,0.064868
24035,4812,135361,0.035549
24036,8172,133202,0.06135
24037,8242,136987,0.060166
24038,5862,134650,0.043535
24039,38230,126164,0.303018
24040,4005,125017,0.032036
24041,6020,134542,0.044744
24042,5126,114690,0.044694
24043,6836,136443,0.050102
24044,9001,120877,0.074464
24045,5662,125225,0.045215
24046,14280,112694,0.126715
24047,65063,137911,0.471775
23001,485,36908,0.013141
23002,540,40834,0.013224
23003,474,39974,0.011858
23004,480,39938,0.012019
23005,517,39939,0.012945
23006,1030,41109,0.025055
23007,542,38448,0.014097
23008,927,38652,0.023983
23009,962,38195,0.025187
23010,662,41622,0.015905
23011,656,39772,0.016494
23012,674,38931,0.017313
23013,567,38006,0.014919
23014,846,38768,0.021822
23015,663,37455,0.017701
23016,709,38823,0.018262
23017,581,38911,0.014932
23018,701,39438,0.017775
23019,528,39650,0.013317
23020,723,44806,0.016136
23021,915,32573,0.028091
23022,472,38623,0.012221
23023,1063,46450,0.022885
23024,753,38682,0.019466
23025,894,33733,0.026502
23026,806,38799,0.020774
23027,408,36110,0.011299
23028,1219,40552,0.03006
23029,850,36175,0.023497
23030,1214,40314,0.030114
23031,719,37894,0.018974
23032,737,38300,0.019243
23033,753,39542,0.019043
23034,921,39561,0.023281
23035,907,39462,0.022984
26001,52197,264182,0.19758
26002,20247,258839,0.078222
26003,5286,263458,0.020064
26004,14624,268552,0.054455
26005,10859,259336,0.041872
26006,8114,257430,0.031519
26007,19038,264772,0.071903
26008,6306,259883,0.024265
26009,8204,261552,0.031367
26010,4988,270950,0.018409
26011,6809,259208,0.026268
26012,7706,256978,0.029987
26013,8621,267192,0.032265
26014,10170,268960,0.037812
26015,15786,270813,0.058291
26016,14528,270522,0.053704
26017,15769,269938,0.058417
26018,12681,267813,0.04735
26019,14971,271252,0.055192
26020,22715,262532,0.086523
26021,22030,259757,0.08481
26022,7185,260798,0.02755
26023,12693,267691,0.047417
26024,9648,259144,0.03723
26025,10148,264170,0.038415
26026,12214,259357,0.047093
26027,10019,260685,0.038433
26028,13116,262306,0.050003
26029,47629,264319,0.180195
26030,18265,269118,0.06787
26031,30007,265055,0.11321
26032,17078,262310,0.065106
26033,12359,267972,0.04612
26034,9654,270086,0.035744
26035,21090,270259,0.078036
26036,5888,271107,0.021718
26037,6803,261199,0.026045
26038,4982,268418,0.018561
27001,4049,85088,0.047586
27002,2500,85847,0.029122
27003,1355,85298,0.015885
27004,3422,84647,0.040427
27005,3278,85709,0.038246
27006,1439,85249,0.01688
27007,885,85259,0.01038
27008,2395,84110,0.028475
27009,2808,84918,0.033067
27010,1601,86009,0.018614
27011,1985,85422,0.023238
27012,3775,85631,0.044085
27013,2145,88404,0.024264
27014,3675,82396,0.044602
27015,4511,85116,0.052998
27016,8892,85488,0.104015
27017,5097,84249,0.060499
27018,3904,84330,0.046294
27019,7681,85334,0.090011
27020,2691,84958,0.031674
27021,11955,84924,0.140773
27022,5172,85905,0.060206
27023,9277,84770,0.109437
27024,4231,83351,0.050761
27025,5121,85987,0.059556
27026,2131,85062,0.025052
27027,2212,86531,0.025563
27028,2287,85000,0.026906
27029,3093,86408,0.035795
27030,2339,86776,0.026954
27031,1664,85057,0.019563
27032,3706,87722,0.042247
27033,3572,82933,0.043071
27034,2518,83480,0.030163
27035,3887,84071,0.046235
27036,3959,85494,0.046307
27037,1903,85109,0.02236
27038,9110,85818,0.106155
27039,9760,83239,0.117253
27040,4088,86621,0.047194
27041,3786,92401,0.040974
27042,3690,85599,0.043108
27043,4563,83471,0.054666
27044,6500,82976,0.078336
27045,2378,86520,0.027485
27046,4260,83767,0.050855
27047,4447,86312,0.051522
27048,4127,85677,0.048169
27049,3610,83486,0.043241
27050,3230,84917,0.038037
27051,12988,85420,0.152049
27052,4977,84996,0.058556
27053,11927,83185,0.143379
27054,6334,86147,0.073525
27055,6656,81972,0.081198
27056,5307,88922,0.059682
27057,4129,85873,0.048083
27058,3844,83607,0.045977
27059,9155,89210,0.102623
27060,5806,81635,0.071121
27061,4782,81265,0.058845
27062,17023,86256,0.197354
27063,4983,82072,0.060715
27064,3479,80936,0.042985
27065,9452,83952,0.112588
27066,6061,85507,0.070883
27067,9482,81491,0.116356
29001,5144,178551,0.02881
29002,6460,181500,0.035592
29003,3165,177428,0.017838
29004,7525,185506,0.040565
29005,7198,178832,0.04025
29006,5607,181542,0.030885
29007,20991,172040,0.122012
29008,9809,182100,0.053866
29009,16696,183148,0.091161
29010,4512,181011,0.024927
29011,21079,178238,0.118263
29012,5366,186059,0.02884
29013,2839,186162,0.01525
29014,10052,188176,0.053418
29015,6612,184926,0.035755
29016,9400,176067,0.053389
29017,14622,168788,0.086629
29018,3349,177531,0.018864
29019,6712,184043,0.03647
29020,5735,179086,0.032024
29021,8148,184299,0.044211
29022,4372,181467,0.024093
29023,6767,177580,0.038107
29024,4262,182548,0.023347
29025,5325,179313,0.029697
29026,3808,181782,0.020948
29027,4374,177675,0.024618
29028,7592,185647,0.040895
29029,12344,185881,0.066408
29030,8087,178648,0.045268
29031,8419,178331,0.04721
29032,14129,181807,0.077714
29033,6245,179927,0.034709
29034,12620,182551,0.069131
28001,3064,54937,0.055773
28002,2879,52747,0.054581
28003,3431,59586,0.057581
28004,2245,56486,0.039744
28005,1402,59115,0.023716
28006,1854,64201,0.028878
28007,1102,49887,0.02209
28008,2678,59612,0.044924
28009,1244,50608,0.024581
28010,2414,67838,0.035585
28011,1890,54115,0.034926
28012,1012,54115,0.018701
28013,1180,53842,0.021916
28014,412,50518,0.008156
28015,926,47905,0.01933
28016,540,59278,0.00911
28017,1295,56299,0.023002
28018,1106,54273,0.020378
28019,2380,60122,0.039586
28020,1385,53825,0.025732
28021,1199,60653,0.019768
28022,1720,52314,0.032878
28023,980,54333,0.018037
28024,840,56692,0.014817
28025,920,54712,0.016815
28026,2005,53657,0.037367
28027,1049,61822,0.016968
28028,837,57494,0.014558
28029,769,50342,0.015276
28030,2001,59497,0.033632
28031,3764,54971,0.068472
28032,846,53175,0.01591
28033,1310,54601,0.023992
28034,1794,52849,0.033946
28035,1099,56980,0.019287
28036,953,56771,0.016787
28037,2410,60527,0.039817
28038,1613,57312,0.028144
28039,723,58097,0.012445
28040,2006,59436,0.033751
28041,1257,60349,0.020829
28042,2424,60306,0.040195
28043,1681,56024,0.030005
28044,1890,56144,0.033663
28045,2402,61700,0.03893
28046,2034,50811,0.040031
28047,2067,68621,0.030122
28048,2108,60424,0.034887
28049,3381,62130,0.054418
28050,5123,56199,0.091158
28051,3090,57485,0.053753
28052,6205,58084,0.106828
30001,747,23143,0.032278
30002,735,21921,0.033529
30003,425,19822,0.021441
30004,853,21338,0.039976
30005,559,21366,0.026163
30006,918,22899,0.040089
30007,769,20558,0.037406
30008,894,23727,0.037679
30009,594,23004,0.025822
30010,773,19339,0.039971
30011,1532,20289,0.075509
30012,928,17965,0.051656
30013,1091,29840,0.036562
30014,755,23783,0.031745
30015,906,20403,0.044405
30016,780,19917,0.039163
30017,474,21824,0.021719
30018,1074,22317,0.048125
30019,577,21728,0.026556
30020,1404,20734,0.067715
30021,1701,22372,0.076033
30022,533,12269,0.043443
30023,1758,23700,0.074177
30024,1496,17699,0.084525
30025,1666,20683,0.080549
30026,1041,24840,0.041908
30027,1166,29002,0.040204
30028,692,21498,0.032189
30029,696,24280,0.028666
30030,1467,23024,0.063716
30031,894,14728,0.060701
30032,666,17042,0.03908
30033,963,26268,0.036661
30034,892,27857,0.032021
30035,1015,21306,0.047639
30036,968,23578,0.041055
30037,999,19542,0.051121
30038,622,23225,0.026781
30039,644,22037,0.029224
30040,1006,20685,0.048634
30041,751,21166,0.035481
30042,675,21025,0.032105
30043,775,20895,0.03709
30044,940,23981,0.039198
30045,521,20830,0.025012
30046,1526,27235,0.056031
30047,749,21309,0.035149
30048,587,23151,0.025355
30049,647,23568,0.027452
30050,1037,17128,0.060544
37001,9829,200707,0.048972
37002,8764,199759,0.043873
37003,16144,200880,0.080366
37004,26968,216554,0.124532
37005,14192,220263,0.064432
37006,27060,203686,0.132852
37007,11810,199460,0.05921
37008,12157,219222,0.055455
37009,31402,206039,0.152408
37010,31751,219042,0.144954
37011,17278,207187,0.083393
37012,31418,201530,0.155897
37013,19197,200257,0.095862
37014,37033,222482,0.166454
37015,22796,185851,0.122657
37016,16732,201356,0.083097
37017,11951,186501,0.06408
37018,15990,196817,0.081243
37019,26797,215659,0.124256
37020,21208,196308,0.108034
37021,22579,220307,0.102489
37022,32931,205547,0.160212
37023,15740,207797,0.075747
37024,19997,204407,0.097829
37025,27291,217233,0.12563
37026,13803,210838,0.065467
37027,16639,209946,0.079254
37028,21897,209982,0.10428
37029,28135,220609,0.127533
37030,16448,212528,0.077392
37031,20072,222662,0.090146
37032,33956,205773,0.165017
37033,17370,209790,0.082797
37034,25256,216918,0.116431
37035,22513,219115,0.102745
37036,19037,211339,0.090078
37037,16766,222830,0.075241
37038,21078,212151,0.099354
37039,45266,224751,0.201405
37040,48100,222737,0.21595
37041,26094,213763,0.12207
37042,13726,207010,0.066306
37043,17544,211934,0.08278
37044,11594,204498,0.056695
37045,20543,218686,0.093938
37046,13032,198245,0.065737
37047,10669,207390,0.051444
37048,16725,200687,0.083339
37049,14803,203632,0.072695
37050,10927,217549,0.050228
38001,839,18228,0.046028
38002,2769,24209,0.114379
38003,1390,16543,0.084023
38004,903,13948,0.06474
38005,1288,24310,0.052982
38006,482,23193,0.020782
38007,267,13127,0.02034
38008,599,18529,0.032328
38009,379,18464,0.020526
38010,480,20633,0.023264
38011,229,6465,0.035422
38012,519,15219,0.034102
38013,253,15667,0.016149
38014,450,17322,0.025979
38015,493,17456,0.028242
38016,216,13029,0.016578
38017,555,19380,0.028638
38018,1143,13055,0.087553
38019,303,9795,0.030934
38020,1989,26788,0.07425
38021,1280,31427,0.040729
38022,786,26373,0.029803
38023,645,4210,0.153207
38024,370,16489,0.022439
38025,598,16548,0.036137
38026,1399,15869,0.088159
38027,114,12758,0.008936
38028,564,17344,0.032518
38029,298,16886,0.017648
38030,513,17778,0.028856
38031,877,20921,0.04192
38032,784,16044,0.048866
38033,437,13431,0.032537
38034,382,12853,0.029721
38035,447,17558,0.025458
38036,912,10901,0.083662
38037,776,18391,0.042195
38038,496,7331,0.067658
38039,811,17652,0.045944
38040,1447,16222,0.0892
38041,489,14983,0.032637
38042,915,16332,0.056025
38043,420,12987,0.03234
38044,396,8033,0.049297
38045,873,21919,0.039828
38046,476,15041,0.031647
38047,138,15233,0.009059
33001,1285,55813,0.023023
33002,1149,57412,0.020013
33003,913,56613,0.016127
33004,2230,56779,0.039275
33005,1532,58781,0.026063
33006,933,56170,0.01661
33007,1103,56726,0.019444
33008,1161,56220,0.020651
33009,1161,56067,0.020707
33010,1359,56680,0.023977
33011,2341,59020,0.039665
33012,3609,58422,0.061775
33013,9390,61988,0.151481
33014,1902,57320,0.033182
33015,1815,58209,0.031181
33016,1233,57522,0.021435
33017,1354,56124,0.024125
33018,7349,56680,0.129658
33019,2421,59082,0.040977
33020,6673,57336,0.116384
33021,1464,57224,0.025584
33022,4113,59568,0.069047
33023,930,57336,0.01622
33024,1234,56518,0.021834
34001,55790,236664,0.235735
34002,45980,231012,0.199037
34003,18668,235569,0.079246
34004,21883,233342,0.093781
34005,64578,235755,0.27392
34006,25414,234279,0.108477
34007,21143,228788,0.092413
34008,21345,232152,0.091944
34009,17712,231260,0.076589
34010,23808,227169,0.104803
34011,35928,229123,0.156807
34012,28147,226234,0.124415
34013,19022,229963,0.082718
34014,31590,224697,0.140589
34015,47189,231931,0.203461
34016,18082,226328,0.079893
34017,57924,232930,0.248676
34018,30855,233805,0.131969
34019,87120,237024,0.367558
34020,109817,226569,0.484696
34021,26814,228046,0.117582
34022,72952,237290,0.307438
34023,30388,235634,0.128963
34024,25804,240988,0.107076
34025,44928,236687,0.18982
34026,23004,225509,0.102009
34027,50861,236644,0.214926
34028,26898,222043,0.121139
34029,113713,233410,0.487181
34030,22872,224509,0.101876
34031,86695,243759,0.355659
34032,47898,214548,0.223251
34033,156903,231787,0.676928
34034,59365,230846,0.257163
34035,129873,235642,0.551145
34036,98461,232134,0.424156
34037,59299,228344,0.259692
34038,50722,226048,0.224386
34039,24994,230355,0.108502
34040,28848,228850,0.126056
35001,10398,46702,0.222646
35002,13932,45338,0.307292
35003,8865,49668,0.178485
35004,9740,46005,0.211716
35005,30368,49243,0.616697
35006,28926,51101,0.566055
35007,23293,51834,0.449377
35008,33205,49377,0.672479
35009,22624,52312,0.432482
35010,23895,47802,0.499874
35011,43118,50973,0.845899
35012,22513,50276,0.447788
35013,26734,48390,0.55247
35014,39712,49569,0.801146
35015,21070,50696,0.415615
35016,16534,47221,0.350141
35017,27697,49282,0.56201
35018,19107,53292,0.358534
35019,15768,52039,0.303004
35020,18599,51459,0.361433
35021,14845,51794,0.286616
35022,12745,52144,0.244419
35023,28053,51684,0.542779
35024,33683,51400,0.655311
35025,15775,50619,0.311642
35026,35370,49950,0.708108
35027,25201,53557,0.470545
35028,30491,50605,0.602529
35029,31413,51441,0.610661
35030,19114,48967,0.390345
35031,43922,48818,0.899709
35032,30900,49472,0.624596
35033,17548,52019,0.337338
35034,23028,53387,0.431341
35035,24968,51992,0.480228
35036,34668,50069,0.692404
35037,27329,49912,0.547544
35038,36605,51276,0.713882
35039,29339,49570,0.59187
35040,22341,50567,0.44181
35041,32982,49759,0.662835
35042,25208,50882,0.495421
32001,44627,147062,0.303457
32002,92518,140994,0.656184
32003,60943,144926,0.420511
32004,77715,149782,0.518854
32005,32021,150578,0.212654
32006,45059,152003,0.296435
32007,61558,146920,0.41899
32008,27223,154730,0.175939
32009,33369,143650,0.232294
32010,48964,146317,0.334643
32011,26404,147809,0.178636
32012,33308,152926,0.217805
32013,52329,139409,0.375363
32014,30555,147285,0.207455
32015,39975,150600,0.265438
32016,23706,142466,0.166398
32017,23502,144194,0.162989
32018,33902,153913,0.220267
32019,29542,154744,0.190909
32020,23955,148625,0.161177
32021,77334,145884,0.530106
36001,51637,319730,0.161502
36002,35320,319965,0.110387
36003,61622,329931,0.186772
36004,134165,326483,0.41094
36005,39920,321260,0.124261
36006,102732,326481,0.314665
36007,34550,321762,0.107378
36008,39318,323379,0.121585
36009,57791,324655,0.178007
36010,62823,338605,0.185535
36011,62754,319382,0.196486
36012,105809,309365,0.34202
36013,180215,296177,0.608471
36014,53605,326515,0.164173
36015,103963,321736,0.323131
36016,49784,302281,0.164694
36017,54622,292761,0.186575
36018,137271,315518,0.435066
36019,58204,317011,0.183602
36020,39929,329708,0.121104
36021,35188,310655,0.11327
36022,27680,296675,0.093301
36023,67309,307593,0.218825
36024,44649,326239,0.13686
36025,64071,328931,0.194786
36026,74881,314836,0.237841
36027,51386,300011,0.17128
36028,26089,287919,0.090612
36029,171463,316114,0.542409
36030,105007,323561,0.324535
36031,240062,344038,0.697778
36032,204017,320140,0.637274
36033,183025,307029,0.596116
36034,148804,306119,0.486099
36035,105487,317167,0.332591
36036,89681,316604,0.283259
36037,70876,315535,0.224622
36038,59911,322535,0.18575
36039,61197,321237,0.190504
36040,65363,319268,0.204728
36041,28831,322546,0.089386
36042,63061,317491,0.198623
36043,16242,315165,0.051535
36044,17809,328092,0.054281
36045,9349,324461,0.028814
36046,24396,315689,0.077279
36047,45813,303430,0.150984
36048,19423,321304,0.060451
36049,14400,323861,0.044464
36050,11704,317813,0.036827
36051,26647,324521,0.082112
36052,15122,315328,0.047956
36053,17139,321653,0.053284
36054,14424,317732,0.045397
36055,34224,323034,0.105946
36056,33012,315901,0.104501
36057,15836,325810,0.048605
36058,8371,326125,0.025668
36059,47902,279172,0.171586
36060,7473,326839,0.022864
36061,21755,315196,0.069021
36062,12901,317709,0.040606
36063,27483,309197,0.088885
39001,21809,349905,0.062328
39002,17705,342858,0.051639
39003,16039,361362,0.044385
39004,19973,367224,0.054389
39005,5602,355602,0.015754
39006,15672,366785,0.042728
39007,15400,365893,0.042089
39008,7530,358145,0.021025
39009,15648,345310,0.045316
39010,11185,345521,0.032371
39011,29332,341812,0.085813
39012,8081,343289,0.02354
39013,36832,364193,0.101133
39014,6537,353799,0.018477
39015,23716,347349,0.068277
39016,15367,369341,0.041607
39017,4384,350365,0.012513
39018,16209,370522,0.043746
39019,8252,359633,0.022946
39020,8275,360322,0.022966
39021,9217,371061,0.02484
39022,8095,359877,0.022494
39023,35071,373694,0.09385
39024,32723,373579,0.087593
39025,26421,342867,0.077059
39026,14743,341452,0.043177
39027,7935,369331,0.021485
39028,8879,354631,0.025037
39029,8585,351862,0.024399
39030,4689,340491,0.013771
39031,7308,347155,0.021051
39032,10040,371486,0.027027
39033,17334,356463,0.048628
40001,3841,78755,0.048772
40002,4732,84710,0.055861
40003,4165,88347,0.047144
40004,4398,81714,0.053822
40005,5868,82361,0.071247
40006,4891,83623,0.058489
40007,4776,83942,0.056896
40008,3391,83163,0.040775
40009,6451,76267,0.084584
40010,4494,83075,0.054096
40011,16801,77327,0.217272
40012,3955,80612,0.049062
40013,6248,82537,0.075699
40014,8344,85294,0.097826
40015,6769,81617,0.082936
40016,7062,81384,0.086774
40017,4933,86475,0.057045
40018,10315,75561,0.136512
40019,10294,80029,0.128628
40020,4750,73907,0.06427
40021,4233,81424,0.051987
40022,7194,93522,0.076923
40023,8261,88489,0.093356
40024,9938,89213,0.111396
40025,7803,83217,0.093767
40026,13716,85029,0.16131
40027,17984,80191,0.224265
40028,3919,83822,0.046754
40029,4731,85201,0.055528
40030,25984,83350,0.311746
40031,9979,89257,0.111801
40032,11526,75725,0.152209
40033,8053,80452,0.100097
40034,19635,84318,0.232868
40035,9354,87250,0.107209
40036,16177,79809,0.202696
40037,8157,85990,0.09486
40038,15523,81490,0.19049
40039,7549,83170,0.090766
40040,9048,83966,0.107758
40041,4573,84949,0.053832
40042,6033,82433,0.073187
40043,7096,83263,0.085224
40044,42970,79243,0.542256
40045,14021,79362,0.176671
40046,26695,86031,0.310295
40047,4910,77864,0.063059
40048,7146,81767,0.087395
41001,9420,142844,0.065946
41002,11874,141514,0.083907
41003,20136,139290,0.144562
41004,15660,144769,0.108172
41005,10928,137192,0.079655
41006,10080,146030,0.069027
41007,14720,137047,0.107408
41008,15409,145071,0.106217
41009,30875,150833,0.204697
41010,23344,128426,0.18177
41011,53244,136263,0.390744
41012,22231,150633,0.147584
41013,15050,137942,0.109104
41014,18836,148899,0.126502
41015,35266,141071,0.249988
41016,11379,143318,0.079397
41017,10087,132567,0.07609
41018,30761,141032,0.218114
41019,13339,139608,0.095546
41020,13434,137917,0.097406
41021,12731,143732,0.088575
41022,16054,143262,0.11206
41023,11947,135393,0.088239
41024,20245,138035,0.146666
41025,31163,136430,0.228418
41026,20717,140953,0.146978
41027,11614,127305,0.09123
41028,19085,147533,0.129361
41029,30372,142110,0.213722
41030,23065,152355,0.15139
42001,24868,231388,0.107473
42002,110200,264081,0.417296
42003,57896,266259,0.217442
42004,10613,275271,0.038555
42005,31325,257319,0.121736
42006,16842,268873,0.062639
42007,11312,267718,0.042253
42008,12858,249945,0.051443
42009,16997,252035,0.067439
42010,16371,269008,0.060857
42011,90105,262470,0.343296
42012,14014,263127,0.053259
42013,40493,263538,0.153651
42014,84166,266878,0.315373
42015,29082,259063,0.112258
42016,22180,263687,0.084115
42017,19917,257729,0.077279
42018,46562,265126,0.175622
42019,19383,254140,0.076269
42020,17936,271897,0.065966
42021,4109,258709,0.015883
42022,31443,250709,0.125416
42023,6621,264155,0.025065
42024,12915,270704,0.047709
42025,5723,268167,0.021341
42026,12060,254620,0.047365
42027,9156,260926,0.03509
42028,13692,259388,0.052786
42029,36764,266404,0.138001
42030,4659,250989,0.018563
42031,29352,264243,0.11108
42032,3540,254230,0.013924
42033,17796,260688,0.068266
42034,9849,267675,0.036795
42035,6431,260439,0.024693
42036,20622,267157,0.077191
42037,3685,246724,0.014936
42038,5672,251636,0.02254
42039,3516,261642,0.013438
42040,34252,256687,0.133439
42041,3283,254792,0.012885
42042,6526,250424,0.02606
42043,8234,250214,0.032908
42044,13274,259399,0.051172
42045,5155,246312,0.020929
42046,4537,251127,0.018067
42047,4925,255686,0.019262
42048,27514,269436,0.102117
42049,12386,261539,0.047358
42050,4297,264835,0.016225
44001,12263,30745,0.398862
44002,19046,27583,0.690498
44003,2135,26471,0.080654
44004,4562,28015,0.162841
44005,10354,28966,0.357454
44006,16126,31643,0.509623
44007,15724,30196,0.520731
44008,6968,28106,0.247919
44009,2795,29155,0.095867
44010,933,28310,0.032957
44011,965,26128,0.036934
44012,1586,29794,0.053232
44013,2405,28837,0.0834
44014,2608,23594,0.110537
44015,6609,31186,0.211922
44016,18105,30084,0.601815
44017,1816,32474,0.055922
44018,4330,28633,0.151224
44019,1958,27564,0.071035
44020,5079,30672,0.165591
44021,709,29588,0.023962
44022,2333,28800,0.081007
44023,1230,30834,0.039891
44024,6171,22304,0.276677
44025,3543,27086,0.130806
44026,5580,27371,0.203865
44027,4024,32885,0.122366
44028,9457,28682,0.329719
44029,1895,25572,0.074104
44030,2029,34554,0.05872
44031,1964,25301,0.077625
44032,1318,31336,0.04206
44033,1262,26011,0.048518
44034,1007,32435,0.031047
44035,823,25701,0.032022
44036,1339,33016,0.040556
44037,1155,28328,0.040772
44038,990,26290,0.037657
45001,5592,108949,0.051327
45002,10837,122435,0.088512
45003,4147,117465,0.035304
45004,4864,111495,0.043625
45005,7074,111058,0.063696
45006,10906,110526,0.098674
45007,14061,105709,0.133016
45008,8200,115320,0.071106
45009,7353,115501,0.063662
45010,6648,116121,0.057251
45011,10154,114095,0.088996
45012,12309,121056,0.10168
45013,4077,114797,0.035515
45014,5299,109885,0.048223
45015,7186,114209,0.06292
45016,9537,115390,0.08265
45017,3909,115681,0.033791
45018,5154,113091,0.045574
45019,5964,108870,0.054781
45020,4577,108805,0.042066
45021,3512,108244,0.032445
45022,7143,110808,0.064463
45023,9330,118539,0.078708
45024,5867,112856,0.051987
45025,9165,110786,0.082727
45026,6285,105307,0.059683
45027,5420,118994,0.045549
45028,6152,104737,0.058738
45029,3088,111411,0.027717
45030,2510,110743,0.022665
45031,3492,105433,0.033121
45032,3274,103983,0.031486
45033,8530,116394,0.073286
45034,7837,121619,0.064439
45035,9389,120602,0.077851
45036,3872,104837,0.036934
45037,3804,105171,0.03617
45038,6165,107609,0.057291
45039,6352,104883,0.060563
45040,4079,107221,0.038043
45041,7480,106231,0.070413
45042,10380,107326,0.096715
45043,5412,118611,0.045628
45044,9015,110630,0.081488
45045,9008,107299,0.083952
45046,14466,112018,0.12914
46001,690,27502,0.025089
46002,1718,36852,0.046619
46003,1155,24774,0.046621
46004,1159,29123,0.039797
46005,823,22560,0.03648
46006,656,23733,0.027641
46007,1002,27284,0.036725
46008,867,25917,0.033453
46009,1527,23074,0.066178
46010,1436,22319,0.06434
46011,2024,27589,0.073363
46012,1607,29390,0.054678
46013,225,23957,0.009392
46014,483,16911,0.028561
46015,2211,25825,0.085615
46016,659,25072,0.026284
46017,866,25945,0.033378
46018,1228,24337,0.050458
46019,654,24154,0.027076
46020,992,24296,0.04083
46021,734,24305,0.0302
46022,2455,25845,0.094989
46023,668,25192,0.026516
46024,784,24981,0.031384
46025,875,27958,0.031297
46026,703,23375,0.030075
46027,1205,24089,0.050023
46028,711,26151,0.027188
46029,1101,25205,0.043682
46030,1203,30075,0.04
46031,981,26047,0.037663
46032,1609,25145,0.063989
46033,993,17679,0.056168
46034,1527,28418,0.053734
46035,1666,25263,0.065946
47001,11811,203386,0.058072
47002,7841,204935,0.038261
47003,7103,207579,0.034218
47004,4551,215829,0.021086
47005,12317,199649,0.061693
47006,7224,207606,0.034797
47007,11323,206995,0.054702
47008,9317,211256,0.044103
47009,13677,213503,0.06406
47010,17010,217602,0.07817
47011,7572,209329,0.036173
47012,4697,215432,0.021803
47013,14961,208476,0.071764
47014,23706,206823,0.11462
47015,9159,207075,0.04423
47016,11827,211342,0.055961
47017,17295,229449,0.075376
47018,11483,208441,0.05509
47019,20954,195227,0.107331
47020,15023,233849,0.064242
47021,29484,200357,0.147157
47022,23819,222305,0.107146
47023,10753,213072,0.050467
47024,6887,212667,0.032384
47025,8657,204075,0.042421
47026,5971,216366,0.027597
47027,10571,214603,0.049258
47028,12276,213817,0.057414
47029,7298,206812,0.035288
47030,18713,195863,0.095541
47031,8068,211952,0.038065
47032,11849,205639,0.05762
47033,19425,192461,0.10093
48001,148906,927355,0.160571
48002,272085,960588,0.283248
48003,168198,963295,0.174607
48004,275081,958767,0.286911
48005,251257,944534,0.266012
48006,706233,963444,0.73303
48007,295043,949458,0.310749
48008,156899,977534,0.160505
48009,284721,957021,0.297508
48010,274485,956272,0.287037
48011,279681,914052,0.305979
48012,198686,955944,0.207843
48013,363039,934328,0.388556
48014,302435,963458,0.313906
48015,398354,963435,0.413473
48016,474276,959464,0.494313
48017,265038,916714,0.289117
48018,295441,957851,0.308442
48019,612932,900982,0.680293
48020,773401,923411,0.837548
48021,635938,911045,0.698031
48022,244702,970437,0.252157
48023,382529,969123,0.394717
48024,259615,967650,0.268294
48025,267952,908095,0.29507
48026,636689,946110,0.672955
48027,780139,921662,0.846448
48028,319356,909756,0.351035
48029,751523,915611,0.820789
48030,172403,970682,0.17761
48031,417619,902639,0.462664
49001,12254,112907,0.108532
49002,12493,112443,0.111105
49003,19417,108979,0.178172
49004,18740,122101,0.153479
49005,21266,108574,0.195866
49006,11224,110201,0.10185
49007,10834,116683,0.09285
49008,12441,109709,0.1134
49009,18738,114896,0.163087
49010,51136,113995,0.448581
49011,21094,118172,0.178503
49012,39642,108567,0.365139
49013,20579,103002,0.199792
49014,8098,115054,0.070384
49015,15759,109878,0.143423
49016,25961,116450,0.222937
49017,11921,113566,0.10497
49018,10537,112985,0.09326
49019,7021,113858,0.061665
49020,11722,112951,0.10378
49021,8924,108281,0.082415
49022,11743,122491,0.095868
49023,19213,113898,0.168686
49024,14695,109431,0.134286
49025,17699,117557,0.150557
49026,12099,111686,0.10833
49027,9852,119968,0.082122
49028,12306,107786,0.114171
49029,13435,117740,0.114107
51001,21687,220129,0.09852
51002,20075,215850,0.093004
51003,7225,212012,0.034078
51004,11057,218747,0.050547
51005,5017,219018,0.022907
51006,3123,214715,0.014545
51007,10004,217512,0.045993
51008,7366,209734,0.035121
51009,7792,220981,0.035261
51010,7922,218203,0.036306
51011,11296,215667,0.052377
51012,12440,223834,0.055577
51013,11748,210565,0.055793
51014,8404,218692,0.038428
51015,36455,214899,0.169638
51016,15701,220325,0.071263
51017,10071,225003,0.044759
51018,12553,208310,0.060261
51019,16341,212555,0.076879
51020,15957,213189,0.074849
51021,18606,212519,0.08755
51022,22205,215849,0.102873
51023,15245,216098,0.070547
51024,20056,209413,0.095772
51025,12729,202502,0.062859
51026,7912,216924,0.036474
51027,27644,220263,0.125505
51028,18383,215706,0.085222
51029,52903,216086,0.244824
51030,64495,216020,0.29856
51031,28924,226720,0.127576
51032,31589,215120,0.146844
51033,43941,210371,0.208874
51034,43530,222345,0.195777
51035,39100,212430,0.184061
51036,25732,211706,0.121546
51037,33540,202993,0.165227
51038,30813,220393,0.139809
51039,42162,222019,0.189903
51040,33272,209094,0.159125
50ADD,983,40576,0.024226
50BEN,1045,41474,0.025197
50CAL,431,22731,0.018961
50CHC,1811,60772,0.0298
50CHN,233,20398,0.011423
50CHS,1728,72774,0.023745
50ESX,292,22748,0.012836
50FRA,838,44750,0.018726
50GRI,693,23040,0.030078
50LAM,452,21910,0.02063
50ORA,272,22655,0.012006
50ORL,438,21460,0.02041
50RUT,981,60147,0.01631
50WAS,1300,66918,0.019427
50WDH,1023,41709,0.024527
50WSR,1273,59754,0.021304
53001,12966,158904,0.081596
53002,17540,161742,0.108444
53003,10834,156179,0.069369
53004,9520,159118,0.05983
53005,11510,158136,0.072785
53006,10354,157686,0.065662
53007,25068,156933,0.159737
53008,38780,156910,0.247148
53009,16868,158094,0.106696
53010,15610,158076,0.09875
53011,22657,152407,0.148661
53012,30107,156662,0.192178
53013,54022,156524,0.345136
53014,105106,152644,0.688569
53015,58545,160616,0.364503
53016,44162,160060,0.275909
53017,16033,157265,0.101949
53018,15308,159878,0.095748
53019,17005,159031,0.106929
53020,13714,156839,0.08744
53021,17797,156025,0.114065
53022,15207,155463,0.097817
53023,12938,158592,0.08158
53024,10970,157274,0.069751
53025,17349,158846,0.109219
53026,12788,157190,0.081354
53027,15013,153966,0.097509
53028,23568,151646,0.155415
53029,26816,158492,0.169195
53030,29644,155250,0.190944
53031,15263,155137,0.098384
53032,16019,158576,0.101018
53033,32050,155402,0.206239
53034,19684,157512,0.124968
53035,15094,157630,0.095756
53036,10683,157960,0.067631
53037,14105,156983,0.08985
53038,24392,152942,0.159485
53039,16406,155572,0.105456
53040,22234,158179,0.140562
53041,9455,156237,0.060517
53042,17558,156589,0.112128
53043,9375,151960,0.061694
53044,11904,157664,0.075502
53045,11288,158705,0.071126
53046,11032,157842,0.069893
53047,18183,153441,0.118502
53048,11091,156732,0.070764
53049,23538,157038,0.149887
55001,6333,163134,0.038821
55002,5469,175669,0.031132
55003,88896,178053,0.499267
55004,10029,182385,0.054988
55005,13095,177284,0.073865
55006,12348,172198,0.071708
55007,16918,161562,0.104715
55008,6751,171671,0.039325
55009,10467,164804,0.063512
55010,6782,178998,0.037889
55011,16139,176746,0.091312
55012,3690,177867,0.020746
55013,10745,178097,0.060332
55014,8760,175824,0.049823
55015,17109,179588,0.095268
55016,12551,177622,0.070661
55017,4367,177677,0.024578
55018,10403,175694,0.059211
55019,7043,179403,0.039258
55020,8523,175470,0.048572
55021,24247,173966,0.139378
55022,28509,164935,0.17285
55023,6170,180071,0.034264
55024,6520,179623,0.036298
55025,3782,174480,0.021676
55026,13369,180465,0.074081
55027,11944,177936,0.067125
55028,12088,176596,0.06845
55029,4524,177101,0.025545
55030,21102,175192,0.120451
55031,4424,177878,0.024871
55032,4937,178085,0.027723
55033,5511,179203,0.030753
55ZZZ,7431,86851,0.08556
54001,1294,101258,0.012779
54002,1122,107659,0.010422
54003,1435,105603,0.013589
54004,1378,103805,0.013275
54005,1469,106376,0.01381
54006,1372,109946,0.012479
54007,789,100220,0.007873
54008,1146,101724,0.011266
54009,1543,108247,0.014254
54010,1821,109880,0.016573
54011,1132,102370,0.011058
54012,1844,105570,0.017467
54013,2753,107868,0.025522
54014,1857,100730,0.018435
54015,4080,110251,0.037006
54016,6796,110136,0.061706
54017,1074,99873,0.010754
56001,848,17983,0.047156
56002,1916,19490,0.098307
56003,1725,19657,0.087755
56004,1173,14310,0.081971
56005,1570,12656,0.124052
56006,1900,21202,0.089614
56007,2831,17563,0.161191
56008,4817,23540,0.20463
56009,1213,14690,0.082573
56010,2506,22835,0.109744
56011,3509,20316,0.172721
56012,2296,15354,0.149538
56013,2710,14859,0.182381
56014,1973,22841,0.08638
56015,1857,18024,0.103029
56016,912,16030,0.056893
56017,3477,21751,0.159855
56018,859,17635,0.04871
56019,1827,18314,0.09976
56020,1565,18700,0.08369
56021,946,19963,0.047388
56022,995,19749,0.050382
56023,2250,18844,0.119401
56024,1306,19553,0.066793
56025,1360,21002,0.064756
56026,1672,17660,0.094677
56027,2084,22527,0.092511
56028,1153,13421,0.08591
56029,1893,20195,0.093736
56030,1379,17602,0.078343
56031,3996,19663,0.203224
